Material,StandardUnit,ToUnit,Factor
1000412857,BOX,EA,9.09091E-05
1,BBL,M3,0.00378541
2,L15,M3,0.00100000
3,M3,BBL,264.17205300
4,M3,BBL,264.17205300

